{"cameraMode":{"drawMode":0,"name":"Shaded","section":"Shading Mode"},"sceneLighting":false,"audioPlay":false,"sceneViewState":{"m_AlwaysRefresh":false,"showFog":true,"showSkybox":false,"showFlares":true,"showImageEffects":true,"showParticleSystems":true,"showVisualEffectGraphs":true,"m_FxEnabled":true},"in2DMode":false,"pivot":{"x":-1.1750773191452027,"y":0.45835888385772707,"z":-0.04684257507324219},"rotation":{"x":-0.13794133067131043,"y":0.18923038244247437,"z":-0.026879334822297097,"w":-0.9718469381332398},"size":5.089935302734375,"orthographic":false}